Bev,Junkin,553-81-6080,bjunkin0@behance.net,6 Randy Junction,1,9TOlBiT6mN
Ulrika,Surgeoner,359-56-5291,usurgeoner1@instagram.com,5 Moose Way,2,mum6UXoKfU4B
Adelbert,Preece,586-85-2244,apreece2@edublogs.org,4 Meadow Vale Lane,3,RK1KbABlbn4
Star,Ganford,682-17-7995,sganford3@odnoklassniki.ru,80199 Kipling Road,4,SpVytS
Horacio,Pardue,286-83-2133,hpardue4@eventbrite.com,27393 Morningstar Avenue,5,P3otFXBK
Darcee,Bright,587-58-0751,dbright5@salon.com,158 Dakota Place,6,aYfPWoPxUQO
Hymie,Perks,411-66-7601,hperks6@blogspot.com,988 Sommers Plaza,7,8f8bewL4Oo5
Conrade,Kellie,174-76-9981,ckellie7@nymag.com,4 Toban Park,8,6KgLM9Wy9H
Henrie,Paulich,278-12-8359,hpaulich8@cnbc.com,6 Dwight Crossing,9,rIvXIzKpkNOU
Mata,Drable,614-38-6378,mdrable9@xinhuanet.com,44328 Birchwood Crossing,10,OGpqyho
